,queda_roc_auc,desvio
meses_observados,0.2953948137885121,0.02192385053973642
meses_quitado,0.09282481860180573,0.0075420469943629775
meses_sem_emprestimo,0.032034887382423036,0.00837227327916696
anos_empregado,0.014856208474096055,0.004156156581381347
AMT_INCOME_TOTAL,0.01164918286467459,0.007110468224727661
idade_anos,0.00708571936248611,0.0028026019119554626
sem_vinculo_emprego,0.0059955870643858215,0.00109129183441003
NAME_INCOME_TYPE,0.005522692205613256,0.00360463328577276
CODE_GENDER,0.005245590438189773,0.0030618999420869777
OCCUPATION_TYPE,0.0038472049158574826,0.004030483133031738
FLAG_OWN_CAR,0.0028519889699102907,0.0010561511827139672
FLAG_OWN_REALTY,0.001612003544743512,0.0005979066893802935
NAME_EDUCATION_TYPE,0.0015357555746489115,0.0007256665036771749
FLAG_WORK_PHONE,0.0014878475580408002,0.0008880698707672365
CNT_CHILDREN,0.00088922227070517,0.0009240108114275099
FLAG_EMAIL,0.0008523353471195705,0.0010293124557253434
NAME_HOUSING_TYPE,0.0002248078056330094,0.00123888437020973
NAME_FAMILY_STATUS,0.00014771638454181836,0.003244154998928041
FLAG_PHONE,-0.00037572930396160273,0.0005340251915990659
CNT_FAM_MEMBERS,-0.0027180489516465123,0.0010920816358616378
